Name,Date,Time
nisa,10/20/21,16:31:19
nisa,10/20/21,16:53:18
nisa,10/20/21,16:53:18
nisa,10/20/21,16:56:47
nisa,10/20/21,16:56:47
nisa,10/20/21,16:56:47
nisa,10/20/21,17:18:44
photo,10/20/21,17:23:19
nisa,10/22/21,20:16:57
nisa,10/22/21,20:28:31
nisa,10/22/21,21:02:07
nisa,11/02/21,17:16:16
nisa,11/17/21,13:09:20
nisa,12/07/21,19:54:56
bill gates,12/07/21,20:04:01
nisa,12/07/21,20:12:33
nisa,12/31/21,13:20:10
nawar,12/31/21,13:20:10
sunny,12/31/21,13:20:10
nisa,12/31/21,13:27:18
nawar,12/31/21,13:27:18
lamia,12/31/21,13:27:18
nisa,12/31/21,13:27:18
nawar,12/31/21,13:27:18
lamia,12/31/21,13:27:18
nisa,12/31/21,13:41:08
nawar,12/31/21,13:41:08
lamia,12/31/21,13:41:08
nisa,12/31/21,13:46:03
nisa,04/21/25,05:45:06
nisa,04/21/25,05:45:43
elon musk,04/21/25,06:02:42
sunny,04/21/25,06:22:02
